<?xml version="1.0" encoding="UTF-8"?>
<GenRun Id="synth_1" LaunchPart="xc7a35tcpg236-1" LaunchTime="1576225259">
  <File Type="PA-TCL" Name="TrafficLightController.tcl"/>
  <File Type="RDS-PROPCONSTRS" Name="TrafficLightController_drc_synth.rpt"/>
  <File Type="RDS-RDS" Name="TrafficLightController.vds"/>
  <File Type="RDS-UTIL" Name="TrafficLightController_utilization_synth.rpt"/>
  <File Type="RDS-UTIL-PB" Name="TrafficLightController_utilization_synth.pb"/>
  <File Type="RDS-DCP" Name="TrafficLightController.dcp"/>
  <File Type="VDS-TIMINGSUMMARY" Name="TrafficLightController_timing_summary_synth.rpt"/>
  <File Type="VDS-TIMING-PB" Name="TrafficLightController_timing_summary_synth.pb"/>
  <FileSet Name="sources" Type="DesignSrcs" RelSrcDir="$PSRCDIR/sources_1">
    <Filter Type="Srcs"/>
    <File Path="$PSRCDIR/sources_1/new/TrafficLightController.v">
      <FileInfo>
        <Attr Name="UsedIn" Val="synthesis"/>
        <Attr Name="UsedIn" Val="implementation"/>
        <Attr Name="UsedIn" Val="simulation"/>
      </FileInfo>
    </File>
    <Config>
      <Option Name="DesignMode" Val="RTL"/>
      <Option Name="TopModule" Val="TrafficLightController"/>
      <Option Name="TopAutoSet" Val="TRUE"/>
    </Config>
  </FileSet>
  <FileSet Name="constrs_in" Type="Constrs" RelSrcDir="$PSRCDIR/constrs_1">
    <Filter Type="Constrs"/>
    <File Path="$PSRCDIR/constrs_1/imports/digilent-xdc-master/Basys3_Master.xdc">
      <FileInfo>
        <Attr Name="ImportPath" Val="$PPRDIR/../../Downloads/digilent-xdc-master/digilent-xdc-master/Basys3_Master.xdc"/>
        <Attr Name="ImportTime" Val="1573237967"/>
        <Attr Name="UsedIn" Val="synthesis"/>
        <Attr Name="UsedIn" Val="implementation"/>
      </FileInfo>
    </File>
    <Config>
      <Option Name="ConstrsType" Val="XDC"/>
    </Config>
  </FileSet>
  <Strategy Version="1" Minor="2">
    <StratHandle Name="Vivado Synthesis Defaults" Flow="Vivado Synthesis 2016"/>
    <Step Id="synth_design"/>
  </Strategy>
</GenRun>
