<?xml version="1.0" encoding="UTF-8"?>
<GenRun Id="impl_1" LaunchPart="xc7a35tcpg236-1" LaunchTime="1576225259">
  <File Type="ROUTE-STATUS-PB" Name="TrafficLightController_route_status.pb"/>
  <File Type="PA-TCL" Name="TrafficLightController.tcl"/>
  <File Type="OPT-DCP" Name="TrafficLightController_opt.dcp"/>
  <File Type="INIT-TIMING" Name="TrafficLightController_timing_summary_init.rpt"/>
  <File Type="OPT-METHODOLOGY-DRC" Name="TrafficLightController_methodology_drc_opted.rpt"/>
  <File Type="RDI-RDI" Name="TrafficLightController.vdi"/>
  <File Type="PWROPT-DRC" Name="TrafficLightController_drc_pwropted.rpt"/>
  <File Type="OPT-DRC" Name="TrafficLightController_drc_opted.rpt"/>
  <File Type="PWROPT-DCP" Name="TrafficLightController_pwropt.dcp"/>
  <File Type="OPT-HWDEF" Name="TrafficLightController.hwdef"/>
  <File Type="OPT-TIMING" Name="TrafficLightController_timing_summary_opted.rpt"/>
  <File Type="PWROPT-TIMING" Name="TrafficLightController_timing_summary_pwropted.rpt"/>
  <File Type="PLACE-DCP" Name="TrafficLightController_placed.dcp"/>
  <File Type="PLACE-IO" Name="TrafficLightController_io_placed.rpt"/>
  <File Type="PLACE-CLK" Name="TrafficLightController_clock_utilization_placed.rpt"/>
  <File Type="PLACE-UTIL" Name="TrafficLightController_utilization_placed.rpt"/>
  <File Type="PLACE-UTIL-PB" Name="TrafficLightController_utilization_placed.pb"/>
  <File Type="PLACE-CTRL" Name="TrafficLightController_control_sets_placed.rpt"/>
  <File Type="PLACE-SIMILARITY" Name="TrafficLightController_incremental_reuse_placed.rpt"/>
  <File Type="PLACE-PRE-SIMILARITY" Name="TrafficLightController_incremental_reuse_pre_placed.rpt"/>
  <File Type="PLACE-TIMING" Name="TrafficLightController_timing_summary_placed.rpt"/>
  <File Type="POSTPLACE-PWROPT-DCP" Name="TrafficLightController_postplace_pwropt.dcp"/>
  <File Type="POSTPLACE-PWROPT-TIMING" Name="TrafficLightController_timing_summary_postplace_pwropted.rpt"/>
  <File Type="PHYSOPT-DCP" Name="TrafficLightController_physopt.dcp"/>
  <File Type="PHYSOPT-DRC" Name="TrafficLightController_drc_physopted.rpt"/>
  <File Type="PHYSOPT-TIMING" Name="TrafficLightController_timing_summary_physopted.rpt"/>
  <File Type="ROUTE-DCP" Name="TrafficLightController_routed.dcp"/>
  <File Type="ROUTE-BLACKBOX-DCP" Name="TrafficLightController_routed_bb.dcp"/>
  <File Type="ROUTE-DRC" Name="TrafficLightController_drc_routed.rpt"/>
  <File Type="ROUTE-DRC-PB" Name="TrafficLightController_drc_routed.pb"/>
  <File Type="ROUTE-METHODOLOGY-DRC" Name="TrafficLightController_methodology_drc_routed.rpt"/>
  <File Type="ROUTE-METHODOLOGY-DRC-PB" Name="TrafficLightController_methodology_drc_routed.pb"/>
  <File Type="BG-BIT" Name="TrafficLightController.bit"/>
  <File Type="ROUTE-PWR" Name="TrafficLightController_power_routed.rpt"/>
  <File Type="ROUTE-PWR-SUM" Name="TrafficLightController_power_summary_routed.pb"/>
  <File Type="ROUTE-PWR-RPX" Name="TrafficLightController_power_routed.rpx"/>
  <File Type="ROUTE-STATUS" Name="TrafficLightController_route_status.rpt"/>
  <File Type="ROUTE-TIMINGSUMMARY" Name="TrafficLightController_timing_summary_routed.rpt"/>
  <File Type="ROUTE-TIMING-PB" Name="TrafficLightController_timing_summary_routed.pb"/>
  <File Type="ROUTE-TIMING-RPX" Name="TrafficLightController_timing_summary_routed.rpx"/>
  <File Type="ROUTE-SIMILARITY" Name="TrafficLightController_incremental_reuse_routed.rpt"/>
  <File Type="ROUTE-CLK" Name="TrafficLightController_clock_utilization_routed.rpt"/>
  <File Type="POSTROUTE-PHYSOPT-DCP" Name="TrafficLightController_postroute_physopt.dcp"/>
  <File Type="POSTROUTE-PHYSOPT-BLACKBOX-DCP" Name="TrafficLightController_postroute_physopt_bb.dcp"/>
  <File Type="POSTROUTE-PHYSOPT-TIMING" Name="TrafficLightController_timing_summary_postroute_physopted.rpt"/>
  <File Type="POSTROUTE-PHYSOPT-TIMING-PB" Name="TrafficLightController_timing_summary_postroute_physopted.pb"/>
  <File Type="POSTROUTE-PHYSOPT-TIMING-RPX" Name="TrafficLightController_timing_summary_postroute_physopted.rpx"/>
  <File Type="BG-BIN" Name="TrafficLightController.bin"/>
  <File Type="BITSTR-MSK" Name="TrafficLightController.msk"/>
  <File Type="BITSTR-RBT" Name="TrafficLightController.rbt"/>
  <File Type="BITSTR-NKY" Name="TrafficLightController.nky"/>
  <File Type="BITSTR-BMM" Name="TrafficLightController_bd.bmm"/>
  <File Type="BITSTR-MMI" Name="TrafficLightController.mmi"/>
  <File Type="BITSTR-SYSDEF" Name="TrafficLightController.sysdef"/>
  <File Type="BG-BGN" Name="TrafficLightController.bgn"/>
  <File Type="BG-DRC" Name="TrafficLightController.drc"/>
  <File Type="WBT-USG" Name="usage_statistics_webtalk.html"/>
  <FileSet Name="sources" Type="DesignSrcs" RelSrcDir="$PSRCDIR/sources_1">
    <Filter Type="Srcs"/>
    <File Path="$PSRCDIR/sources_1/new/TrafficLightController.v">
      <FileInfo>
        <Attr Name="UsedIn" Val="synthesis"/>
        <Attr Name="UsedIn" Val="implementation"/>
        <Attr Name="UsedIn" Val="simulation"/>
      </FileInfo>
    </File>
    <Config>
      <Option Name="DesignMode" Val="RTL"/>
      <Option Name="TopModule" Val="TrafficLightController"/>
      <Option Name="TopAutoSet" Val="TRUE"/>
    </Config>
  </FileSet>
  <FileSet Name="constrs_in" Type="Constrs" RelSrcDir="$PSRCDIR/constrs_1">
    <Filter Type="Constrs"/>
    <File Path="$PSRCDIR/constrs_1/imports/digilent-xdc-master/Basys3_Master.xdc">
      <FileInfo>
        <Attr Name="ImportPath" Val="$PPRDIR/../../Downloads/digilent-xdc-master/digilent-xdc-master/Basys3_Master.xdc"/>
        <Attr Name="ImportTime" Val="1573237967"/>
        <Attr Name="UsedIn" Val="synthesis"/>
        <Attr Name="UsedIn" Val="implementation"/>
      </FileInfo>
    </File>
    <Config>
      <Option Name="ConstrsType" Val="XDC"/>
    </Config>
  </FileSet>
  <Strategy Version="1" Minor="2">
    <StratHandle Name="Vivado Implementation Defaults" Flow="Vivado Implementation 2016"/>
    <Step Id="init_design"/>
    <Step Id="opt_design"/>
    <Step Id="power_opt_design"/>
    <Step Id="place_design"/>
    <Step Id="post_place_power_opt_design"/>
    <Step Id="phys_opt_design"/>
    <Step Id="route_design"/>
    <Step Id="post_route_phys_opt_design"/>
    <Step Id="write_bitstream"/>
  </Strategy>
</GenRun>
